<?xml version="1.0" encoding="UTF-8" standalone="no"?><registos xmlns:xsi="http://www.w3.org/2001/XMLSchema-instance">

<registo><id>5cd14dad-8423-41f6-bf85-b0d06896dfda</id><vitorias>4</vitorias><empates>0</empates><derrotas>1</derrotas></registo>
<registo><id>bf0e0254-60a1-4747-b4fe-e9afd038c55e</id><vitorias>1</vitorias><empates>0</empates><derrotas>3</derrotas></registo>
<registo><id>8191ca63-b390-48ab-9a5b-135c7d862f02</id><vitorias>0</vitorias><empates>0</empates><derrotas>1</derrotas></registo>
</registos>